Attribute,Group,n,Observed % vulnerable,Mean predicted %,AUC,Sensitivity,False positive rate,% flagged
Sex,Boy,620,21.8,21.4,0.788,0.8,0.361,45.6
Sex,Girl,580,20.0,20.1,0.795,0.767,0.341,42.6
Residence,Rural,760,24.7,25.6,0.786,0.851,0.474,56.7
Residence,Urban,440,14.3,12.5,0.783,0.587,0.164,22.5
Wealth,Q1 Poorest,233,45.9,42.9,0.75,0.972,0.865,91.4
Wealth,Q2,229,26.2,29.9,0.678,0.9,0.716,76.4
Wealth,Q3,213,17.4,18.4,0.725,0.73,0.403,46.0
Wealth,Q4,248,10.1,10.1,0.664,0.32,0.117,13.7
Wealth,Q5 Richest,277,7.9,6.1,0.711,0.182,0.024,3.6
Region,Central,162,17.3,18.4,0.804,0.786,0.313,39.5
Region,Coast,130,22.3,21.0,0.789,0.759,0.356,44.6
Region,Eastern,152,21.1,20.7,0.771,0.719,0.367,44.1
Region,Nairobi,116,12.9,9.9,0.755,0.4,0.109,14.7
Region,North Eastern,63,38.1,44.2,0.717,0.958,0.872,90.5
Region,Nyanza,169,20.1,21.8,0.834,0.853,0.348,45.0
Region,Rift Valley,288,21.9,21.1,0.752,0.794,0.4,48.6
Region,Western,120,21.7,20.0,0.849,0.846,0.309,42.5
