,Mean |SHAP|,Permutation,SHAP_rank,Perm_rank
age_months,0.05680592987842006,0.0430761674062443,1,1
mother_education,0.037096678886757925,0.018364476761027447,2,2
children_books,0.03383842170160817,0.01164530497609132,3,3
wealth_quintile,0.027420755626435672,0.007942938467415794,4,6
haz,0.024604844791260683,0.003415631467806235,5,9
inadequate_supervision,0.02193454615330377,0.008371571669066524,6,5
ecde_attendance,0.021413319114703903,0.011601644003543155,7,4
early_stimulation,0.017417906839019896,0.0069802979861375404,8,7
violent_discipline,0.014730512018003974,0.00226491295093586,9,10
sex_female,0.01323711996780577,0.0042128640338539355,10,8
rural,0.012090378715676918,0.0003908496677146989,11,13
father_engaged,0.011739340464044115,0.0013278813093253405,12,12
low_birth_weight,0.01108155353059229,-0.00020109236394789677,13,20
recent_illness,0.009938881823871377,0.00023635699562122304,14,16
region,0.008733554236536,0.0003190609532364941,15,15
playthings,0.007284626030812527,7.178871447817148e-05,16,18
household_size,0.006448546564063229,0.0003203204043676688,17,14
whz,0.0063613658491722316,0.00163686665351227,18,11
improved_water,0.004989400017206658,-0.00014315761191283639,19,19
mother_age,0.004145119323225107,-0.00028463595565064725,20,21
improved_sanitation,0.0038175448351372835,-0.00046683655263043413,21,22
fully_vaccinated,0.0006818671422260707,0.00010621371206416263,22,17
