Variable,Level,On track,Vulnerable,% vulnerable,p-value
age_months,mean (SD),42.7 (10.2),37.4 (9.9),,<0.001
haz,mean (SD),-0.6 (1.2),-1.2 (1.3),,<0.001
whz,mean (SD),-0.1 (1.0),-0.3 (1.0),,<0.001
mother_age,mean (SD),29.2 (6.0),29.0 (6.0),,0.291
household_size,mean (SD),4.8 (2.2),5.0 (2.2),,0.002
sex_female,0,2324 (49.0%),658 (52.5%),22.1,0.027
,1,2423 (51.0%),595 (47.5%),19.7,
low_birth_weight,0,4327 (91.2%),1054 (84.1%),19.6,<0.001
,1,420 (8.8%),199 (15.9%),32.1,
recent_illness,0,3539 (74.6%),848 (67.7%),19.3,<0.001
,1,1208 (25.4%),405 (32.3%),25.1,
fully_vaccinated,0,728 (15.3%),323 (25.8%),30.7,<0.001
,1,4019 (84.7%),930 (74.2%),18.8,
mother_education,0,424 (8.9%),354 (28.3%),45.5,<0.001
,1,1473 (31.0%),538 (42.9%),26.8,
,2,1887 (39.8%),306 (24.4%),14.0,
,3,963 (20.3%),55 (4.4%),5.4,
region,0,543 (11.4%),50 (4.0%),8.4,<0.001
,1,621 (13.1%),146 (11.7%),19.0,
,2,439 (9.2%),117 (9.3%),21.0,
,3,638 (13.4%),195 (15.6%),23.4,
,4,168 (3.5%),130 (10.4%),43.6,
,5,676 (14.2%),163 (13.0%),19.4,
,6,1166 (24.6%),321 (25.6%),21.6,
,7,496 (10.4%),131 (10.5%),20.9,
rural,0,1864 (39.3%),256 (20.4%),12.1,<0.001
,1,2883 (60.7%),997 (79.6%),25.7,
wealth_quintile,1,699 (14.7%),501 (40.0%),41.8,<0.001
,2,877 (18.5%),323 (25.8%),26.9,
,3,969 (20.4%),231 (18.4%),19.2,
,4,1070 (22.5%),130 (10.4%),10.8,
,5,1132 (23.8%),68 (5.4%),5.7,
improved_water,0,1810 (38.1%),705 (56.3%),28.0,<0.001
,1,2937 (61.9%),548 (43.7%),15.7,
improved_sanitation,0,2273 (47.9%),811 (64.7%),26.3,<0.001
,1,2474 (52.1%),442 (35.3%),15.2,
father_engaged,0,2705 (57.0%),852 (68.0%),24.0,<0.001
,1,2042 (43.0%),401 (32.0%),16.4,
children_books,0.0,2151 (46.2%),975 (79.0%),31.2,<0.001
,1.0,1171 (25.1%),181 (14.7%),13.4,
,2.0,1336 (28.7%),78 (6.3%),5.5,
inadequate_supervision,0,3408 (71.8%),696 (55.5%),17.0,<0.001
,1,1339 (28.2%),557 (44.5%),29.4,
violent_discipline,0,2203 (46.4%),482 (38.5%),18.0,<0.001
,1,2544 (53.6%),771 (61.5%),23.3,
ecde_attendance,0,3187 (67.1%),1112 (88.7%),25.9,<0.001
,1,1560 (32.9%),141 (11.3%),8.3,
playthings,0,364 (7.7%),155 (12.4%),29.9,<0.001
,1,1403 (29.6%),443 (35.4%),24.0,
,2,1983 (41.8%),461 (36.8%),18.9,
,3,997 (21.0%),194 (15.5%),16.3,
early_stimulation,0,59 (1.2%),48 (3.8%),44.9,<0.001
,1,278 (5.9%),182 (14.5%),39.6,
,2,810 (17.1%),324 (25.9%),28.6,
,3,1103 (23.2%),356 (28.4%),24.4,
,4,1273 (26.8%),216 (17.2%),14.5,
,5,900 (19.0%),105 (8.4%),10.4,
,6,324 (6.8%),22 (1.8%),6.4,
